user_id,review_id,,votes.cool,business_id,votes.funny,stars,date,votes.useful
oc4Ne7SJo4WGdzbm6jtCXg,mdhu0lpjxpkQeNzjnFJ8jQ,,1,LHyGQnuWR2q44bsrw1ZLAg,1,3,2014-12-21,2
#NAME?,xgxyx_x28-6CyukmNkkoFQ,,0,bsEJKduEgoBhNNNHO4ZHEw,0,5,2013-07-13,0
_aMz2TsaWs7yCPY2P5Ti8w,thiJ5FrE9av2XCKTP9eDgw,,0,YQKZafMWvIVXfLrM_QjQ1Q,1,5,2014-04-20,1
SKqR-l-Dmy0grYfeF9ECAg,dVCFs7dsoqnzPA5djSUf8Q,,0,YQKZafMWvIVXfLrM_QjQ1Q,0,3,2014-09-21,0
v26k4Bzy9GiLLlSmDk8LfA,jiTbkv4g6dddXMgwdB7xwg,,0,YQKZafMWvIVXfLrM_QjQ1Q,0,5,2015-03-05,0
sHeD1MXfvJsLSOd9vwQyBQ,WeDnK6RsQfJk_KerKRy8ng,,2,sTufgHOeDZ6Fz-BgpGGViQ,2,4,2014-08-17,2
g1a4OLgGSWMLOGEwcsb3fQ,BmuiAxxwlySUdeb0inAilQ,,0,zZOGDas7D3Qw2jrwaN2IPg,1,5,2014-11-14,2
nQKl5jZJTNgBAjZDhMxYCg,bR_BRpoCt50kJsRGnMsPQQ,,0,IyFBccpU5DlK2ZqZFhRoaw,0,3,2013-11-06,1
jJdmIcmLC5X5LI_ljKIflg,iOmDG0YFq5V6BPpOuzQt7g,,0,259TmptwDUjXWgPlKf52Tw,0,4,2015-06-03,0
BS_nh8pIZQLpla7mpoD10w,sWp0LOoJ_qz_psgEagYprQ,,3,w4SGmsvFzqyAIs7CSQ_J-g,2,4,2015-11-16,4
_i32UovzRbmNtC5iU4uLWw,WDzENzaeV1hiBg4sBv7Q2w,,0,P0kIWqaoOjIJEtJBydFvoA,1,5,2013-10-16,1
iqaepzMud7yvUu41zRU6Ag,QOhTPqKSIp6cHvA4N-maMg,,0,bZX-b9fInWIk8j3Y50uBWQ,0,4,2012-04-25,0
4ozupHULqGyO42s3zNUzOQ,Ijet2QUgh6MGPri3KE3vQg,,9,K_4eqmOoO7r0FbgQIZzq_Q,5,5,2013-06-30,10
3ONPPazUH-Q3XblYJIaA1A,XTd4kRqYz838YRnZiTEYRw,,2,K_4eqmOoO7r0FbgQIZzq_Q,0,5,2013-08-01,2
1jyNMw5sbi9Qkdd-WmI5Nw,JHCswiwejjKXz6iBdMa_Rg,,0,K_4eqmOoO7r0FbgQIZzq_Q,0,4,2013-08-16,0
q_P9ITaqoIpE9w_557dOLg,VgI1O5bDZsrJ_gvoYLez_w,,2,WzmcJ-VYAV7fHS_fyPAOqw,0,5,2014-07-29,3
jdPaIEMrUpzR4-dC-o5zSw,OBWaHZd6Is4_UjutfnQv3Q,,0,WzmcJ-VYAV7fHS_fyPAOqw,0,5,2014-09-01,0
#NAME?,M7ltuuMOSfhAgOucmj0_tQ,,0,WzmcJ-VYAV7fHS_fyPAOqw,0,4,2015-11-16,1
8AMn6644NmBf96xGO3w6OA,8OWmTevMJYqrByl6xLKeqg,,1,sYRa6DNksBdPZOmNse17yg,0,5,2015-06-21,1
6phsGfhy7kP_UTcLf4Z33Q,HXnbUKeHW2af03l5_VsRhQ,,1,UrdORu3JGxLEnypvUX0xxA,0,4,2013-08-28,2
M3Jn1HScqnzbCdKH2Z0h1A,ieQkMt974oZdaxfCuMN4dA,,1,UrdORu3JGxLEnypvUX0xxA,1,5,2013-08-28,1
xQpO4Jfi-Np3HLmJrQAe0Q,ju-LBX-NXv9gQk6Q4uJ-nQ,,10,UrdORu3JGxLEnypvUX0xxA,7,4,2013-10-22,11
3o0hEFAxMO5F4Az3LhPyMQ,CZXT20pMpRO7SUWwjPkrmw,,0,UrdORu3JGxLEnypvUX0xxA,0,2,2013-10-25,0
5lq4LkrviYgQ4LJNsBYHcA,aX_3DyF_j0ecHZFHtuqhAg,,3,UrdORu3JGxLEnypvUX0xxA,1,2,2013-11-15,3
JIyE_p9piHwP85QmcJGMag,C0BLywF2UNhYA1WblRbPaA,,1,UrdORu3JGxLEnypvUX0xxA,0,2,2013-11-18,1
iQTOwoJxHobk4kidfUIW9Q,Q5-zcrfXkvUZFOK7za5_jw,,1,UrdORu3JGxLEnypvUX0xxA,0,4,2013-11-21,0
KaOhU6tX02rNAbkXvh0ehA,QW6P7XDqRbrjdxVLUGvRPA,,0,UrdORu3JGxLEnypvUX0xxA,0,5,2013-11-27,0
IG2q-hIDlwyovjLyi41WXg,ZGvP57INhc8TENvjI5zX-g,,1,UrdORu3JGxLEnypvUX0xxA,2,4,2013-12-28,3
ivsDXr6e-z3sQBCMucK3XA,o7FaLY4iKjz4ondAV2oogA,,0,UrdORu3JGxLEnypvUX0xxA,0,3,2014-02-05,0
vI7wZxTprpMl2fj_IHU3iQ,ERxXbCQ-lABUQp-GMMsd4g,,5,UrdORu3JGxLEnypvUX0xxA,4,4,2014-02-06,5
5ilFSz4mNW2KGWKRVTfQVQ,WQ7dA6K_1oz3pB16mxuU_A,,2,UrdORu3JGxLEnypvUX0xxA,2,5,2014-02-24,2
3294HqB1viNsojLDw0Dc6A,TZ--98E-WGK7VY9P22r9zQ,,1,UrdORu3JGxLEnypvUX0xxA,1,1,2014-03-13,1
uMTxcOZEC27dYGt2krpfig,z7wdAicar4w1S2ibcpEV_Q,,1,UrdORu3JGxLEnypvUX0xxA,0,3,2014-04-05,0
3ZCeT6B32-qHRHzpFHQhJg,8J5vpWqULsjnCJjWTVOwdQ,,0,UrdORu3JGxLEnypvUX0xxA,0,5,2014-04-20,0
LBqnZOT25rsq62EPz8rR7Q,JrBBpIzpNbMQr9jXuw6yeA,,2,UrdORu3JGxLEnypvUX0xxA,2,4,2014-04-30,2
rdvDTdVVNXx9MX5TKHJKtw,0JrntdLzhSnzMTRNvXIbuw,,0,UrdORu3JGxLEnypvUX0xxA,0,4,2014-04-30,0
RyzN2svTnlOGFcsj-z3ZUg,T50z_apC9fhUReYle48hmw,,0,UrdORu3JGxLEnypvUX0xxA,0,2,2014-08-09,0
QhVMRycaxLqK7KL81dxFJQ,WOiczLs0PuTDk4opVb7mPA,,3,UrdORu3JGxLEnypvUX0xxA,2,4,2014-10-29,2
3WMJpFyKyiYLWZs3gAaHSQ,ZkiGriSmXdNl6ptUpvFa7g,,0,VLFM9U2FJtny4fWUpb4QIw,0,4,2015-11-01,0
I003jDKSU3-LfdNdym8JuA,hJtYd-oq1zdxO9kpJEEIHQ,,1,eXaty-8Qx6_m1gHsKBKdrw,0,4,2015-07-12,1
zrRllWRRPvMEzdbtBDCqhg,MI8qGOvVJMjvVrXf_7bCug,,0,mEEFJKFcIklA8qjUpA_WUQ,0,4,2014-08-29,0
MLkGRQRMNDvMUxaSC9YI4g,nwsJK27gUICxVasx2Z-12g,,0,HMr_KN63f6MzM9h8Wije3Q,0,4,2013-11-20,0
xbOSjikM9P_08m4LJJTkzQ,95PaWRqPzrertUHKCbsNvg,,0,eWPFXL1Bmu1ImtIa2Rqliw,2,1,2015-04-29,2
IPlF3zScDCJHuWoBdpf78w,FIYOSxrGqJ9c-y2DUlGlkQ,,0,Z1KDov5DRTG-rYF_6TyO1A,0,5,2014-05-07,2
pxVaa0MBlRaIn8asSiiIzQ,JvVHxWCO73NXb1TU_-N5qA,,0,NK-8zniVfA21IQoQCynrDg,1,3,2013-11-03,0
Ot6PMbyWmzYMYS8miApFAA,k7j0B2YgyenFNP1MLJDdwQ,,1,NK-8zniVfA21IQoQCynrDg,1,4,2013-11-06,1
oVXnn7N_xjKeKgKtFftyyQ,hMgmvfpleEd8EW7_5NtA3A,,0,NK-8zniVfA21IQoQCynrDg,0,3,2013-11-16,0
LoLz98S4O4cMacBHvdLk9Q,CGWQmnO92CZe6YyewPvOog,,3,NK-8zniVfA21IQoQCynrDg,2,3,2013-12-12,4
5lq4LkrviYgQ4LJNsBYHcA,jn2WkKMSQvx9EI4eM5izWA,,4,NK-8zniVfA21IQoQCynrDg,2,4,2013-12-29,5
5lq4LkrviYgQ4LJNsBYHcA,oUbMgrvKifXqiekO0swVmw,,4,NK-8zniVfA21IQoQCynrDg,3,4,2013-12-29,4
oOayyTrVO-PbVeXXsh_JEQ,RTzenp_9WZA3ww8OQpflFw,,8,NK-8zniVfA21IQoQCynrDg,4,4,2014-02-22,8
v6hapcCh7wEqANNd_KkYrw,IEXAfaZTQV8QwsD9nzHRsg,,1,NK-8zniVfA21IQoQCynrDg,0,3,2014-05-30,0
_uwleUwbindrz-DPfJdKJw,lOjYzHYhK0FndzZ3AtfPAQ,,1,NK-8zniVfA21IQoQCynrDg,1,4,2014-09-05,2
wwOk5uFM20FSFFextxqwfA,qpOFnP7f-InpVgZ8yWfECA,,0,NK-8zniVfA21IQoQCynrDg,0,2,2015-09-15,0
3NZLZuQA-aFw4GKtfnsrbw,bFPid3Qp0DDv6aZDYWT0UA,,1,NK-8zniVfA21IQoQCynrDg,0,4,2015-10-13,0
GKWWHMl1vqaVSTQKPW46ag,o_9ldpAoK8qhj6Oifdn9mQ,,2,HyfFenprdpIA4rmKu6DW3g,5,1,2013-09-15,4
4cf-F_iAorfgV5-BQJsw5A,YPedAES6-5CkKUy0TyK49Q,,8,50nln4YPr0QDo_v1uBmHfg,6,5,2013-11-30,8
Bgu6m5Db4PsnishzdbEsXA,cijs7S9enHKGmJ2xPjE1FQ,,0,pT9ywbF_an3wUxI-dGIzXA,0,4,2014-04-15,0
1X4vP8jG-EhpkF73yuJPmQ,tgIgUC4v1npqZHdRgT1l8Q,,0,oo7VmDn-qmEApGmZn2fRig,0,5,2014-08-24,2
1t8YvOC0MbeGCKT9FTkrzA,p0LUKgsn4C3eHxfaf6vi8A,,0,X_unrEd0DOcR-FfzHT-Tcg,0,4,2014-08-14,0
OEiXzZfPZDQGISFKWP_V5w,nLZw_XIb2Rk9DUwKqc7ihQ,,0,X_unrEd0DOcR-FfzHT-Tcg,0,4,2014-09-02,0
cYeAgm3lE2YZ_gPQZVMd0g,#NAME?,,0,X_unrEd0DOcR-FfzHT-Tcg,0,4,2014-12-18,0
dsJCEbkYT0EvqOYDbHIxxw,xneu8se_Ojby-fLGhQSeig,,0,LRBcKG5-O2h2vSHLhsIniw,0,4,2013-07-27,2
blTyV99vbzi4P7_ag_QLNQ,EuHgCCLXFeuC1w-P643VaA,,1,LRBcKG5-O2h2vSHLhsIniw,1,5,2013-08-18,0
AUovku1DWZ2_xirgiraY1w,n4vviFqRJyMnZr6jTSfbMA,,0,LRBcKG5-O2h2vSHLhsIniw,0,4,2013-08-21,0
5Ao9OHxpm-Vp5k9XofDNqA,beXsHyPH2VzS6P2ryLw2pw,,4,LRBcKG5-O2h2vSHLhsIniw,1,5,2013-08-22,5
pR42w_ZwIhbFdKIQSpDEOA,JaHajW5CzapTNfVxfrZ_3A,,0,LRBcKG5-O2h2vSHLhsIniw,0,3,2013-10-18,0
uYMXDfi5LCxb1CdWvX1zqA,3i2ip6u3Uvs0o0PbTBcUfA,,0,LRBcKG5-O2h2vSHLhsIniw,0,4,2013-10-27,0
idChKbryJAoxPcuxsZg7Xw,ENjR2mqDpYsBxLL2BLHpqQ,,1,LRBcKG5-O2h2vSHLhsIniw,0,5,2013-11-19,1
Vi6yC7XiZDADYG73Z0MJAQ,OVrBk6YFqjeMN3vLMoqTpQ,,0,LRBcKG5-O2h2vSHLhsIniw,0,4,2014-01-28,0
Qm2tS4T22rKO7HWXrEWDdg,3U-f6yFD1H9d667nfsjCQA,,0,LRBcKG5-O2h2vSHLhsIniw,0,3,2014-02-22,0
IPqZrTOIArwyhgViJ9m6gg,QprRKD7s05rxoY_t-PbLtg,,0,LRBcKG5-O2h2vSHLhsIniw,0,3,2014-06-29,0
1e08MfNqwl9uRhEpTyc1Yg,ev1HE5cuPhxwsYmlfHDciw,,0,LRBcKG5-O2h2vSHLhsIniw,0,5,2015-02-28,0
Q7vXm-1skoDNf3QI07UaYA,PL013AK4Hl5SuxiEcxw7mw,,0,LRBcKG5-O2h2vSHLhsIniw,0,3,2015-04-18,1
q_Uf95so_eF60bKKI3UNmg,SCS_sXhNG-4AVVxjBO-4Aw,,0,LRBcKG5-O2h2vSHLhsIniw,0,5,2015-04-27,1
5Bc6NNX86mHxu4kwfreTSw,ydX4Yw1IeQIli-wCoeRDFQ,,0,LRBcKG5-O2h2vSHLhsIniw,0,4,2015-07-03,0
nVBgie3L2CpdlhkCLKH2Dw,LXvv2QV_ek6DGwX6Ee8Y-Q,,0,LRBcKG5-O2h2vSHLhsIniw,0,1,2015-10-05,0
N4hmY6aEVUXavvBw-ob7hg,taQJaEP0_eMf-XljVsygrg,,0,LRBcKG5-O2h2vSHLhsIniw,0,2,2015-11-18,1
7a217Zo2gmFx1vDlD6GQ3g,zrqtvhIEfqFyIm29t8MEEw,,0,5nTvNRLnpeFKd6r0X2af3w,0,4,2014-04-21,0
5lq4LkrviYgQ4LJNsBYHcA,FY8XgcF60v9PhCFR_Ote_g,,5,5GKbGn9-fAgQ0njSh3OJ8A,3,4,2013-12-21,7
vUM21g3cPEdSlI89oDttgw,fg4vu1NhYCtMI212CsLPhg,,0,AzDfm1RUDMrKIsBeDv04nQ,0,5,2015-05-23,1
GLWds-jDs3Kb7YN_eCuTTA,G895JwOd1_WqBZTIWJ6a4w,,0,3AlN2XZ0I0F8650y2yjLWA,0,5,2013-11-21,1
GRgBu4K7GOb3354esp_xkg,C01iDLB__8Mi4KVLWOhQNA,,2,_AvHni-xdRHmZ3XfYHwGkg,2,2,2013-10-16,4
RaUsdg356ynr4QLhoFckCA,z3cDv66KajPtVJLAofPksQ,,0,fCnOvYRGMvC7hX8C-0e8ng,0,2,2014-01-06,3
PwcSTwAmeenHeD9Z7uNJrg,q1MJB94CAb1oWGiu1AowRg,,0,RHIIMuvu6xPNHxtZv_QWHg,0,5,2015-10-27,0
QFXuNUfgPAz2l9uTLMzmaw,kT1q2x-tr2SEpk83sMTimQ,,0,9A-yUk2Ls9_5i7wFl5TOLw,0,4,2014-02-27,1
QFXuNUfgPAz2l9uTLMzmaw,2mSFCeE0QennKEMrD_pTqw,,0,fGMOPIZ7m7hf-Ti8QTkSqQ,0,4,2014-02-27,0
nkCoDhWh87LAXH4nbc8qqQ,mwftkWiYtip-lcstxoRmTA,,2,fGMOPIZ7m7hf-Ti8QTkSqQ,2,4,2014-09-13,2
I3El0oTMiV-uLC8ceqQ3Vw,AWchRUNceOsUg-cybpLXuA,,0,fGMOPIZ7m7hf-Ti8QTkSqQ,0,3,2015-08-17,0
BQkl-s2qspQW25yL5r_e3w,tv3V4ejG4X30AHGtDKwqrg,,0,fGMOPIZ7m7hf-Ti8QTkSqQ,0,5,2015-09-02,1
1seF5JEC_QumuEJAjvqdmA,NTRIMUMxt-IwlHbfYngF8Q,,0,JaTh4xxGC8IPE7AJPFptNQ,0,4,2014-08-01,0
xjRjTxQvhf9mZ-g2ZULxbA,g-Jrj9yLLHzV4dAaIWz6TA,,0,0QrA-Klgp1R-GzUr6uJS7Q,0,1,2015-05-02,0
VmeRFDahXZ4RHP_CFPugyA,r6giOi06JSKZsjyxQe3G_g,,0,hrQEC_Zn_gRjgV0ptX5tjg,0,5,2014-08-25,0
KRI1kCT7SY6XMX9fBALQYA,QVqHHrb_BieSJ5MD68vNTw,,3,DFwNc1whtc-R2j5z6ffzRw,2,5,2014-04-06,5
4LOUTfHA1tZQ7qyNDLQuow,Ehsq2xPW9_rlIJddTEk0Bg,,1,DFwNc1whtc-R2j5z6ffzRw,1,2,2014-06-27,1
iPxOd771_PDM4OPJe9G5Dw,AJ9x6KNKfAHQxHbCp0ktxQ,,0,DFwNc1whtc-R2j5z6ffzRw,0,5,2014-07-24,0
PeANgBrCRCM8tovU42bGGQ,OhlKafI5TG_lENCxLdKuCw,,0,DFwNc1whtc-R2j5z6ffzRw,0,4,2014-10-02,0
LbdRKBtjH5dRZI1zkKl2SQ,CZrN3MoJxYxTt5zVuF1ECQ,,0,DFwNc1whtc-R2j5z6ffzRw,0,1,2015-01-11,0
6PN1ZdL3dn3EjOwb3Xg48Q,NaJGatwixpZaRJhtM7So5w,,1,OdD1GuGNQ64ssJmMJ_D9RQ,1,5,2014-04-26,2
u_kFEQtddzIbw2855xL-vQ,9lvQxPLYzWJv4x5OOvzvvQ,,0,H_v6RNdguzFiINUKkMWvZA,0,3,2013-01-12,0
2WZh_CUrBHxp4be12sA0Qg,JcCJhE200a3Ur8xGQ9CrHg,,3,Y2BXS2OOrlMSYfS5xdjtmw,1,5,2013-11-10,1
ShPtw8C97r7Ck_ksOiweNw,i9jWArWMepKd0gQ-qa-vcQ,,0,Y2BXS2OOrlMSYfS5xdjtmw,0,5,2014-03-10,1
FjLprK0uIPuFHRcu9iW1kg,2hSHn6KYjRXfxuCPURDSmA,,0,hw_NPrcmoUaYCN1UplwmBg,0,4,2015-04-23,0
tHz9cWxwSfcP4qRaPIHvww,2WajCve8Tvi4ldU9kJlVqQ,,0,jRfdz5voj40P6WS9L54caw,0,4,2013-09-13,2
jYYQmcOpA61HxwwIVA7Eig,7zk56xeckVy5Wm93V52H9Q,,0,Xq1FtLSV54Spf-HfONc1aA,0,4,2015-05-04,0
mYg0Ug4-OeobX-05gjWVbw,zfSxkMNUI3WMvKxim7KZRw,,2,qc20GKeaWd1Pm4kPI3bU5A,1,5,2013-11-25,2
nnrab4tlPSIDOOqA_ayYEw,dDr0nQRDlLcjf-AVBIHBtw,,0,qc20GKeaWd1Pm4kPI3bU5A,0,5,2014-08-27,0
Jy_csZA5sr1VwlofY-mS1w,fmCqfbPmquw0_XQ8S7miuQ,,0,qc20GKeaWd1Pm4kPI3bU5A,0,5,2014-10-21,0
cYeAgm3lE2YZ_gPQZVMd0g,UiiH2g3cfwdM70uVVClyFA,,0,qc20GKeaWd1Pm4kPI3bU5A,0,4,2014-12-18,0
kK5VWC-oHO4idNsyF-bzvw,zF--X9qGZk9Uy3KWjgGPXg,,2,qc20GKeaWd1Pm4kPI3bU5A,0,4,2015-01-28,1
UreRZOu3ZMMBa1VY9o7yfg,Y1nb3IUxvjZ6-IQOMWAJag,,0,qc20GKeaWd1Pm4kPI3bU5A,0,5,2015-08-15,0
B08mkdyMp-x6OFP59SOyfg,eUe4vILBchGFP9aLokpmgQ,,0,qc20GKeaWd1Pm4kPI3bU5A,0,1,2015-08-27,0
dvOhhch3z8-QF0KaZLHbTw,d-UR11JQxIOt6QbrHt42mQ,,3,qc20GKeaWd1Pm4kPI3bU5A,0,5,2015-10-13,1
gdD47sbuixj69H9zEGsWOg,0sfebx5mS-QsC-U7WsgTyg,,6,qc20GKeaWd1Pm4kPI3bU5A,3,5,2015-12-08,4
M-cg8raooXZKV8NsNmQGjw,8DD8s9dC6REAqU_UF_jJOA,,16,ieYiud3trM-9e7E8YUhK0g,11,4,2013-06-15,19
OaFcpi3W4AwxrD8W2pgC_A,#NAME?,,7,ieYiud3trM-9e7E8YUhK0g,4,4,2013-06-29,8
FcUVfATxARfURHfZq1DNTg,2U-2219Q3c4v3eGhJ6f6EQ,,1,ieYiud3trM-9e7E8YUhK0g,0,4,2013-07-03,1
k0BbM1TTRQbAw72zgw2b6w,AGPpU_h4kVQ_T7MlWKLcYA,,0,ieYiud3trM-9e7E8YUhK0g,0,4,2013-07-17,1
MzEchSn1DQ75T_iyiYCnIA,CzaXYFH1th8T5XwjUimLZQ,,1,ieYiud3trM-9e7E8YUhK0g,1,4,2013-08-03,1
cRvV2EeHyaNUwinjVKWMIw,2PSOk1y-bR85yYPBGLrrLg,,0,ieYiud3trM-9e7E8YUhK0g,0,5,2013-08-11,0
1-OCZddX3k_T4ja7WXov5w,xoOuIhh_3QaoERcYYXYslg,,0,ieYiud3trM-9e7E8YUhK0g,0,1,2013-08-25,0
zDPvL2wbi4eFoLn-b7FZaA,nl92Bg_qItTT7-lLDdUU-g,,0,ieYiud3trM-9e7E8YUhK0g,0,3,2013-08-30,0
f_H8ZNcWk1HOH-ThFy8SJQ,wGl6oTxDIWW92G1jPUGq3Q,,0,ieYiud3trM-9e7E8YUhK0g,0,1,2013-09-22,1
7R46ZnXzuklMFHomerw6LA,BRw9YJGF1m999nhqQiw1_g,,0,ieYiud3trM-9e7E8YUhK0g,0,3,2013-11-03,1
T3ISRzQ1fQPkUANyokIgAw,WtVk-wQ9EpeuSVQsfUun-A,,1,ieYiud3trM-9e7E8YUhK0g,0,3,2013-11-11,1
Ku5HvoHVFp4vnPkMJGDQXw,3lVuHiZrqppoPoc2H9hcrg,,1,ieYiud3trM-9e7E8YUhK0g,1,2,2013-11-26,4
JSGMrxmqktQhLLKTLwpVMg,bfxpjV6dcspHE3xjygCzew,,0,ieYiud3trM-9e7E8YUhK0g,0,5,2013-12-17,2
wCf6sDVE4pbKa1DH89MCWQ,Oz6qyG832li-kdJ6D0FDPA,,0,ieYiud3trM-9e7E8YUhK0g,0,4,2014-01-13,0
O37_j_YIGCB0t6_r2ltfvA,IFE8CEy7OF-V6pdaBVEi0Q,,0,AOLx-xr0JsFhle4K6xRHfQ,0,4,2015-12-04,0
Uay9ebnMWdHhfhd8mHwnsA,Sk4VI6T323MhK5uD-BlsVQ,,0,3st_g8-2-ZgQhJ6N_174QQ,0,5,2015-03-17,0
mf5NAq1u348scYPZ8ET50A,7SnlwqeXybksEm4M2pWipA,,0,m7lC5R1EmoShQDhZ82Zjpw,0,3,2015-02-22,0
THgpjkl_y81sNQc0evszPA,zAnMY3kaqH8_w0n-yXf-9A,,0,mDU31M4xdY7IDux_LwBiPQ,0,5,2013-07-19,1
gdGZRlorSmXfuvL9O49ggQ,2pOFd9-6L_6NNJhGHuU3gA,,0,mDU31M4xdY7IDux_LwBiPQ,0,3,2013-08-01,0
Ot6PMbyWmzYMYS8miApFAA,nOz716uj0Yl5ytGnkVfKRg,,0,mDU31M4xdY7IDux_LwBiPQ,1,3,2013-08-05,2
Ot6PMbyWmzYMYS8miApFAA,4qlUOEiMlWEFy713L1611A,,1,mDU31M4xdY7IDux_LwBiPQ,0,3,2013-08-20,3
QWVNIOpMU7dB3QntujuTLQ,GzELnhrHudJR17XCnYiynA,,0,mDU31M4xdY7IDux_LwBiPQ,0,4,2013-08-25,1
GFA3-HWRVLkf2pmZ7jZZhQ,zqxy9Jy2errMNOmP0MHCzg,,0,mDU31M4xdY7IDux_LwBiPQ,0,4,2013-09-04,2
G4wAIuOxdjay-w4bWdobsQ,_PAT36_fWZU5ckfCwR7yxg,,1,mDU31M4xdY7IDux_LwBiPQ,0,4,2013-09-24,1
3B29q4nnYKAYLGnuAZ4uvA,iHQF_qZSIiWnY9FZHywoLg,,0,mDU31M4xdY7IDux_LwBiPQ,0,5,2013-10-22,0
iQTOwoJxHobk4kidfUIW9Q,b_Ek6WYyINdgzvkbRQOEIQ,,0,mDU31M4xdY7IDux_LwBiPQ,0,4,2013-11-03,2
FC-GbgPCTKPGYRhsftjOqg,tsuoPRnrCMJy3lBTPL-eVg,,1,mDU31M4xdY7IDux_LwBiPQ,1,5,2013-11-03,1
OnVUZvLFlVTkyGcOOxK_YA,8hRh3A-l4EFWXe0dnA0tEg,,0,mDU31M4xdY7IDux_LwBiPQ,0,4,2013-11-13,1
FNWMJm61AHt1853p5XHLlQ,xhS0Dbc8_YguAdpgtqYxtQ,,7,mDU31M4xdY7IDux_LwBiPQ,7,4,2014-01-07,8
T6mfEhSWwFOVr6a2fZ5M7A,PNZbFdELOzJGd1SgsZcVpQ,,1,mDU31M4xdY7IDux_LwBiPQ,1,4,2014-01-09,2
11QzsQ-nmRykVvD4agGRPw,FcuELnVguwAUCnZafoFfnQ,,9,mDU31M4xdY7IDux_LwBiPQ,8,4,2014-01-10,11
K7iUfz3bLR6iZqR-ZqKkvg,tHPzhrz78b13JZ_2fS9Umg,,0,mDU31M4xdY7IDux_LwBiPQ,0,5,2014-02-05,0
Iu3Jo9ROp2IWC9FwtWOaUQ,E5jbU2Fut5Kb-5Sozu5Qjg,,7,mDU31M4xdY7IDux_LwBiPQ,6,2,2014-02-15,12
mDBUiTlL22SpU8GcG7Bijw,5ReNCuDTt5fMSO_apbGpHA,,0,mDU31M4xdY7IDux_LwBiPQ,0,3,2014-02-15,2
pC40aNKIFFg63rJro3xatQ,uvHKZMzR4iD2uZVTtinOjA,,0,mDU31M4xdY7IDux_LwBiPQ,1,1,2014-02-23,6
_mR-DpU7--8g2XfuTmR7_Q,CYq3VjMYI-tCYfYbobBmmQ,,1,mDU31M4xdY7IDux_LwBiPQ,2,1,2014-05-11,3
sIImUC2r9cXaYfN0tvpi-Q,1JJFKc2ajToy2LhJ-uCF_A,,3,mDU31M4xdY7IDux_LwBiPQ,4,5,2014-05-16,3
iBB1TXnAL_PKHWTXzv2Trg,7kgISVuXGRmRjR2tQVteqg,,1,mDU31M4xdY7IDux_LwBiPQ,0,4,2014-06-08,2
RyzN2svTnlOGFcsj-z3ZUg,41vjU0V0Puip1g5dGkFszQ,,1,mDU31M4xdY7IDux_LwBiPQ,0,4,2014-06-12,0
703CyMocp_DnUM0xdfn1Ew,eGmjxs_tvQE5Jc0H2ptTng,,1,mDU31M4xdY7IDux_LwBiPQ,1,5,2014-07-02,2
MiLd38v09PW-gwPTgavrsA,C0KMkuykt1y9tuJO4R0aqA,,0,mDU31M4xdY7IDux_LwBiPQ,0,5,2014-07-10,1
qCG-3flB7ShydUTZ_U5Zqw,9HbvtECG2YX_g7DpcyEvsQ,,1,mDU31M4xdY7IDux_LwBiPQ,0,4,2014-08-21,1
2VmxIuuiNSNdl6EpaAvEuA,L64wlG5PLqV3hUDHlalYYw,,0,mDU31M4xdY7IDux_LwBiPQ,0,3,2014-10-08,0
#NAME?,FHKDbh5RJCy7aYbm6EdEXA,,0,mDU31M4xdY7IDux_LwBiPQ,0,4,2014-10-22,0
P0kkyMGy3YKZuSQ3PQzqjQ,Nnmn4Ds7DaMvGUwvrcBfUg,,0,mDU31M4xdY7IDux_LwBiPQ,0,1,2014-11-10,0
m4lvZ5xEKFwgipsYwlbRHA,c54YUKxs5RdKxNguub9POQ,,0,mDU31M4xdY7IDux_LwBiPQ,0,5,2014-11-10,1
8l351svY2y1yX5LFm8H3vQ,skocZo130t8Fvf9F7aIoVg,,1,mDU31M4xdY7IDux_LwBiPQ,3,3,2015-02-21,3
iucKmLE-Q6I6dAI0ttR85Q,tzv6UZx4NV3XMYI6DIfXrQ,,3,mDU31M4xdY7IDux_LwBiPQ,1,4,2015-07-24,4
ohf7FsHRp_HY24DUUHeqHw,VcI853hdQD_Dnazr4t8vWg,,0,mDU31M4xdY7IDux_LwBiPQ,0,5,2015-07-25,1
XiUap-gdAL3tHHWQiR3ssQ,mOqW-jFE1bIAVLDfs2h3Lg,,2,mDU31M4xdY7IDux_LwBiPQ,1,5,2015-08-28,2
kEEhI46df-fpn5jCn9hXPQ,yfNiIz95KXUhH-_RZWCyGg,,2,mDU31M4xdY7IDux_LwBiPQ,0,5,2015-08-30,2
h1fbouPJ1rc4UVb0P3I5bw,RiVK0ORk3pFRQuwUPU7wVg,,4,mDU31M4xdY7IDux_LwBiPQ,3,4,2015-09-20,5
U99naacadv8lBRz7Lona2w,BrWkD9L_0AQ_j6COncS28g,,0,mDU31M4xdY7IDux_LwBiPQ,0,5,2015-09-29,1
13WJ6cMOByhKwkL0I0XpOg,uWZNo6FBEFk2VLF3T9CydA,,0,mDU31M4xdY7IDux_LwBiPQ,0,4,2015-10-16,1
ac5LQkf58PRjQq2Xgufc1Q,yrxTaoxf5woEUap8o-bnRg,,1,mDU31M4xdY7IDux_LwBiPQ,1,5,2015-10-22,1
dn9HyXQJhvt3zAVc-8j_pw,uLZOvpsT50Zorz4KfS1sGQ,,0,mDU31M4xdY7IDux_LwBiPQ,0,5,2015-12-08,1
cMQCMc9UOM7OE8cGdPoWAQ,NSAaEOh0LPpdeeHoNAW-uQ,,0,mDU31M4xdY7IDux_LwBiPQ,0,5,2015-12-15,1
4rUjh9g5Cz4mC2ulTfvH6g,vD2FlsWdMjwbaRP7M-uP4A,,1,mDU31M4xdY7IDux_LwBiPQ,3,5,2015-12-19,3
ni4AqZxKsJ9UjgZTx1oV9w,nyVY94GJWJO9ik_bipoH6A,,0,82yh4-ZTPaBaKFFgY5kuzA,0,4,2015-12-07,0
6g2kdvO_ZeFkXheLZdQA_Q,g8l-v65NxX1-7oxfY6JZ9g,,0,q9qnc2283FGigdfFY_jedQ,2,2,2015-04-20,0
6Cs5Mc5_JC9T4XCs1FdYzg,u8qPVQie4G_mcZfF1bT0gA,,3,21ZKuOC0o8vZglDeR41QLQ,4,5,2013-08-30,6
zKg_TyWAwrZ_J6D_-vbCNw,oEX2YJV5XDJIHyJcLckz3Q,,0,21ZKuOC0o8vZglDeR41QLQ,0,3,2013-08-31,1
nSxNkfPaW3UNYB7w0p6JdQ,1DoNWcZrTiKyzHXw-k2hCA,,0,21ZKuOC0o8vZglDeR41QLQ,0,4,2013-09-14,1
sqbx0hemn5BqkaUbXD-szg,5xfinINwuo9iu23xmwS-Cg,,1,21ZKuOC0o8vZglDeR41QLQ,0,5,2013-11-17,0
bZiGPL14wOU0dVXoN8dEsw,7rJN7eYVzMCADiUVxmh9zw,,0,21ZKuOC0o8vZglDeR41QLQ,0,5,2014-02-27,0
8IyskQCJn5d1ooiNawMFYQ,eHdAMyKbbR6s83DxurllAQ,,1,21ZKuOC0o8vZglDeR41QLQ,1,4,2014-04-29,1
aweKCwkPhFKMiN8QCWQ2mQ,qGQ97VXRR--NOPWowLITEA,,1,21ZKuOC0o8vZglDeR41QLQ,1,5,2014-06-09,1
4LOUTfHA1tZQ7qyNDLQuow,nAB9ZxJ0ft3hIaXfcWgbDQ,,1,21ZKuOC0o8vZglDeR41QLQ,1,4,2014-07-01,1
IjtUzBQY9Dkd4s9-va92kA,II_LRt_9ubmgEBCRcudsZg,,0,21ZKuOC0o8vZglDeR41QLQ,0,5,2014-12-28,0
Iu3Jo9ROp2IWC9FwtWOaUQ,mnkhsRJ5ZojlTpIkApbtDg,,12,21ZKuOC0o8vZglDeR41QLQ,9,5,2015-08-17,17
u1XWzr4aziAKh5fUUTsyMg,KoYJTzQNWLeS1GNbjelPoA,,1,shKCOCGEQctC7N4AvP3nWw,0,5,2014-08-13,5
eD24CwRgW0B7TtKuBixuEw,T7ogayAeUwNHJ_DIhqZX1Q,,0,shKCOCGEQctC7N4AvP3nWw,0,5,2015-03-30,1
CInFos81Gf4dkBJQL-1jGg,ousYwW4wQtKZEUmBfEumtA,,4,1Zj3JOukVxyU2kq4Vhju9A,4,5,2013-12-30,8
0iw4W2RrWsVbucTX9iqvBQ,R3CO1GMJxwOTvn4GXi3atw,,0,3BLfy6cbqF_tZt69HjXD9w,0,3,2014-07-31,0
5r_qyS1N2rxVpzM_qlLHoQ,dBrXn5srpLr_h8N1mCsnRQ,,0,3BLfy6cbqF_tZt69HjXD9w,0,5,2014-09-06,1
Vi6yC7XiZDADYG73Z0MJAQ,e6jHlXZuo6CeoLYM4OoDFA,,1,wtVzncCQ--_rLPWabaOaMA,0,4,2014-07-20,1
5lq4LkrviYgQ4LJNsBYHcA,nlj1Fg1itgJ1Ci9H6rQHhw,,1,IgFexUz_OuQtbyQomecicA,2,1,2014-02-11,8
qhooXf7Uh8NP3mX6YG3Drw,RLTABRl4t5epYZxZjroUFA,,12,IgFexUz_OuQtbyQomecicA,13,3,2014-04-08,15
CGRIo3whIUzIlPB1AeJHvQ,FO7E1F6b6AbddF8f8jaIGw,,0,IgFexUz_OuQtbyQomecicA,1,5,2014-06-24,1
3W095jBvP26ZFyfZgPJdaw,lfqv47VNK-NhpdsBqUnalw,,0,IgFexUz_OuQtbyQomecicA,0,3,2014-08-07,0
9A2-wSoBUxlMd3LwmlGrrQ,wvJgwWugiiYYD8WH71Iy7A,,2,IgFexUz_OuQtbyQomecicA,2,2,2014-09-01,3
5Y9HFD4Jc6lqu5_LiC5obA,BavspNhSiAU2iDcUo4ExlQ,,0,IgFexUz_OuQtbyQomecicA,0,5,2014-12-17,1
Qt4ZGWEMF2PePxRbHaMkJA,TXbcPnX442duB1FViLM6RQ,,2,IgFexUz_OuQtbyQomecicA,4,2,2015-04-25,2
oFSB0e8mSYTdkPp6tKeDnA,sZnii6nPgHblTy10uxaqBg,,0,RyLg6AWj1SE8IPAKLvt6ZA,0,4,2014-09-04,0
Cw3UMmYeqqx1u4HIWaWw3w,usYczohHSZdv3BnaT7Q4qw,,15,r5dz4mQoI3BKfJww4Qt-aw,13,5,2013-09-09,17
#NAME?,dL9m0QD6SxtNaTdiB2HLxA,,1,r5dz4mQoI3BKfJww4Qt-aw,1,5,2013-09-30,2
FxOrIVpRExHCthrH23GQMQ,h0TR3m5dC4xLvk8F_iEMVw,,1,r5dz4mQoI3BKfJww4Qt-aw,1,5,2013-10-11,1
xQpO4Jfi-Np3HLmJrQAe0Q,woCInGSXyRgs39gcJWYefQ,,8,r5dz4mQoI3BKfJww4Qt-aw,7,5,2013-10-13,6
p0bSGZjCMaZ8uiDHfQa6wA,BZm6sjNiKRH5FvGZcrHCwg,,1,r5dz4mQoI3BKfJww4Qt-aw,1,5,2013-10-20,1
2HmHgW3hRYvXYFmQyQtLuw,Vo9qiUnUrW2FHNSHa0F7JA,,25,r5dz4mQoI3BKfJww4Qt-aw,19,3,2013-10-22,29
11QzsQ-nmRykVvD4agGRPw,0CJhn0Y57h6JDIOqBYPiUQ,,9,r5dz4mQoI3BKfJww4Qt-aw,5,1,2013-10-26,8
qR7DUzbojrxy3tNelaB7wQ,JI82ntOKPxT2S72kQaPUfw,,1,r5dz4mQoI3BKfJww4Qt-aw,0,3,2013-10-31,1
fRbqoHAkgC5MeW3x15mezA,Do4pd36Z5ddh97M4drUrhQ,,1,r5dz4mQoI3BKfJww4Qt-aw,0,4,2013-11-01,1
zKg_TyWAwrZ_J6D_-vbCNw,Pf9-gCywQJBRJSrTwRhOsQ,,1,r5dz4mQoI3BKfJww4Qt-aw,1,5,2013-11-02,1
5lq4LkrviYgQ4LJNsBYHcA,#NAME?,,5,r5dz4mQoI3BKfJww4Qt-aw,2,5,2013-11-14,5
oyKF6Zs4aEYjsFVV9nT2AQ,4fxGvsnfIY8mZgThqXun6w,,14,r5dz4mQoI3BKfJww4Qt-aw,15,5,2013-11-25,12
OaFcpi3W4AwxrD8W2pgC_A,qV47Re_YYV1nvc31wdNyCw,,12,r5dz4mQoI3BKfJww4Qt-aw,8,4,2013-12-12,11
XpxK7cAT4R3wQjHOZccasw,R8xIMGYq1n4A31NH2sVJ_g,,4,r5dz4mQoI3BKfJww4Qt-aw,4,4,2013-12-29,7
qDyDeUyZna1xTeVYZUZPqg,QT2zFzf2YDsaD4aFlaUI7A,,2,r5dz4mQoI3BKfJww4Qt-aw,3,4,2014-01-09,2
sKtmrRvPMn5GRTnHYd41CA,pOK7T6ILOW9tDu-DgKwJcg,,2,r5dz4mQoI3BKfJww4Qt-aw,3,5,2014-01-23,7
oOayyTrVO-PbVeXXsh_JEQ,CJW0CK6eWShjeWiRguADYg,,4,r5dz4mQoI3BKfJww4Qt-aw,5,5,2014-02-20,3
kUxLVldNw1z5NgF8Dth1Vw,9DiBrFkU-cZH5s395jiZ0g,,1,r5dz4mQoI3BKfJww4Qt-aw,1,4,2014-03-22,1
RyzN2svTnlOGFcsj-z3ZUg,dJfE-A0jwSKrQid4xj4Vkw,,1,r5dz4mQoI3BKfJww4Qt-aw,1,4,2014-05-09,1
jvTJvqPz6G57TiNc99XS7Q,FuVVRAnY6ywH_7rQEQpexQ,,2,r5dz4mQoI3BKfJww4Qt-aw,1,1,2014-05-14,2
#NAME?,kQS5z12smPjtEIi6iLpIhA,,4,r5dz4mQoI3BKfJww4Qt-aw,4,1,2014-06-05,6
hO1U1GGsQGrwLhSEAEBXMw,u7pOa4uGENK3ZO5PEY8HfA,,0,r5dz4mQoI3BKfJww4Qt-aw,1,5,2014-07-07,0
JxgJymGG6H8Z_sCXlyg25A,cNjOB3XEysxdHLlyjRkDBw,,1,r5dz4mQoI3BKfJww4Qt-aw,1,5,2014-07-30,3
_ZDBQbWgf1kQ1SWgtPwTxg,nJPfK4vkRdadPiqElt1WHA,,1,r5dz4mQoI3BKfJww4Qt-aw,1,5,2014-08-11,2
LtgsQUSsbvbtKBmpj7P5sw,wdq-w02LxeVS6oJNwbFX6A,,1,r5dz4mQoI3BKfJww4Qt-aw,2,1,2014-11-24,1
JNCKyWmpECqphtET0zOQzQ,Qvs6iRGU3H06C_DJN8FOvQ,,0,r5dz4mQoI3BKfJww4Qt-aw,0,5,2015-02-10,1
1M18pTDBalyfYjmm6hFjdw,qrUNyXNf2as_2kj2B7asqg,,1,r5dz4mQoI3BKfJww4Qt-aw,1,2,2015-07-25,1
8lKsbpbiaGhTtKv16HlkUw,giH-LANEuZ0xaF-Ya7zBfA,,0,r5dz4mQoI3BKfJww4Qt-aw,1,3,2015-10-21,0
TTLXwIg1WLf7o-KWN06tdQ,Fbvn57clI2z0Gt0miZZRuQ,,0,r5dz4mQoI3BKfJww4Qt-aw,0,5,2015-12-05,0
5lq4LkrviYgQ4LJNsBYHcA,V0Zq45sxeO0tWldB5pVAqQ,,6,M9ielGjZ-WdNG6CQ197NGQ,3,4,2014-01-20,8
Bgu6m5Db4PsnishzdbEsXA,pXMql_qMSP5jx57h94NtFQ,,0,fhNeE1t82gn3VksmsJfLXQ,1,4,2014-04-27,1
5lq4LkrviYgQ4LJNsBYHcA,PgJLrv6w3pLU0wz5o4f6og,,5,abyw7M9utpZJGo_RF0LScQ,0,5,2014-02-16,7
vPEjwADjt-ZRw6swdMf7EQ,4OoqxfIMqSA-74dYefxLEQ,,0,uoAMNAs6Bcvbl8v9Q97V6Q,0,4,2014-10-06,0
ydCSBhXMAllt7T4G4XrAuQ,MMhhPsylAdBA-vk-u1QFgQ,,0,uoAMNAs6Bcvbl8v9Q97V6Q,0,2,2015-03-15,0
SbFGQuTBVRSJ4vupGchHDw,2hBNrq8dJuTi5jbBTDOq5g,,0,uoAMNAs6Bcvbl8v9Q97V6Q,0,4,2015-05-26,0
t6wQhXPvI8yt4yeiaIsKuw,lO7ucX06J0sPATj27qTkQg,,0,u-PbFb01OqXOuYN86x1QSA,0,1,2014-11-23,0
xQpO4Jfi-Np3HLmJrQAe0Q,KzHfLSktxFDsO6IkhwvIgQ,,12,ReAvmPZRSTR-Oip7jEyrJQ,6,5,2014-03-05,11
3Le9u4MCPUcv_2RyQhaadw,CXvEngq9SF9iAUnXVIzBAg,,0,#NAME?,0,3,2015-02-14,0
NJ38jkV6tB1-GIxmoIAXNg,MXjIQWKbGWtKrKmPJCSFDA,,0,7uRhJhS8hYQfau307RDjCA,2,1,2014-07-30,2
WZwfmfP5X1gDDeL-M9vzZA,I1JbS89-zLZsEBmCrUKy5A,,1,7uRhJhS8hYQfau307RDjCA,2,3,2015-11-29,2
M-0PvQBiL6qSVTEtNpZp-Q,XR-C55B9HnUL4p91b2mxFg,,0,uqgNQGDC_AQY1f9M3tPsLQ,0,5,2014-05-22,1
yW2_dO_1DQpADVa-QaJ2Qw,qCd9PN7NVpIOHplIiDQFXA,,0,uqgNQGDC_AQY1f9M3tPsLQ,0,2,2014-05-31,0
xF6kuHbU7_sUuhVHlpriSg,tG2Crgi8DoSXyAQynsVdYQ,,0,uqgNQGDC_AQY1f9M3tPsLQ,0,5,2014-06-07,0
l9Zawl4rFmHk4cyXhVfW9w,Qh5PqsSDV2EsJD4y3T2_Lw,,2,uqgNQGDC_AQY1f9M3tPsLQ,2,4,2014-06-11,2
Ox7DnjGXOOeCd5LGx23jNw,lDub9RKEVOb2ZNC85EmuMg,,0,uqgNQGDC_AQY1f9M3tPsLQ,0,4,2014-06-15,0
P_l7zi_nzVdc2vCvrFQ7KA,iQlWDVGz3rakyA4J7Hl79Q,,1,uqgNQGDC_AQY1f9M3tPsLQ,0,4,2014-07-03,0
SRMKX0-l_3ufBg1cA76E2Q,DZeAQkYgr8jic5lb_GgzFQ,,0,uqgNQGDC_AQY1f9M3tPsLQ,0,2,2014-07-20,3
b9LjSQrspWWJSkrJLCQCuA,QH0BA6ElF6A2KniYrgRANQ,,0,uqgNQGDC_AQY1f9M3tPsLQ,0,4,2014-07-27,0
8ssyE-B1bhpoiSRyaQx8vQ,sIC9GBwB6Ifxu2qXnW9T7w,,0,uqgNQGDC_AQY1f9M3tPsLQ,0,4,2014-07-29,0
ScmPX9SnTliI76fhGFcCXw,woAR7VEtvqOLcU1URPzRYA,,1,uqgNQGDC_AQY1f9M3tPsLQ,0,4,2014-08-30,2
C4WMKcNSxiqy95hDzsQAhg,88CH-Nv4k72PDIPqsNR_5w,,0,uqgNQGDC_AQY1f9M3tPsLQ,0,4,2014-09-11,0
88U5WJVHjQMbamajOHE2eg,T-KNdc-sVwTeX_ilFFqzgA,,0,uqgNQGDC_AQY1f9M3tPsLQ,0,5,2014-10-25,0
sAEr4txCyHO3RkjTOa6xaA,Qyz-jtotvoWNdw5fVRCIiA,,0,uqgNQGDC_AQY1f9M3tPsLQ,0,4,2014-11-09,1
jvTht0uGYGW3uqL9Bpu4Kw,wy2NplqzrVO4RZ47DME1jA,,0,uqgNQGDC_AQY1f9M3tPsLQ,0,3,2015-02-19,0
uC9nJnZZR9hsXggBO50KYw,P-4x0JdQR-mnVFlF3oMEOw,,0,uqgNQGDC_AQY1f9M3tPsLQ,0,5,2015-03-09,0
kiX97_3fNx3hi_Aq4lSKPQ,XNzkFSs5KW1z_Sblg0dkWw,,0,uqgNQGDC_AQY1f9M3tPsLQ,0,3,2015-04-05,0
FQ1MZ2IbmbxcRza8tICtww,CIvAxO8zDpM7awkgWEZUew,,1,uqgNQGDC_AQY1f9M3tPsLQ,0,5,2015-06-08,1
By2wo2XpYVYKO8zdIPvTOg,A0BwDisRzvVu3W1vb7u-eA,,0,uqgNQGDC_AQY1f9M3tPsLQ,0,5,2015-08-16,0
_ZDBQbWgf1kQ1SWgtPwTxg,gSaTai0VBggO272kcdav8Q,,0,uqgNQGDC_AQY1f9M3tPsLQ,0,3,2015-09-14,0
q3OJLJKZZ2XB2xvJ_OT2IA,AYdjLdiXJY2OaqWPJP1Djg,,0,uqgNQGDC_AQY1f9M3tPsLQ,0,1,2015-12-06,2
gM0-bSywJ3Iky70bZFc-nQ,URFOhLtru8STWHhDnEaxAg,,0,iN0HhYwuF5BhGDDqUPKitQ,0,5,2014-06-03,0
khd0D_U9zuaDcgJdzMrnLg,T3N1QYU3r8gC-2iljgP3LQ,,2,iN0HhYwuF5BhGDDqUPKitQ,1,5,2014-06-06,1
fKqTTkccWME-ZZmMtvn74g,B4VytL4LJWfGfL-xN0rvSw,,6,iN0HhYwuF5BhGDDqUPKitQ,2,4,2014-06-12,7
VhX_ml3HwoA9qPxySkX4Yw,q65XIIpiDoW-hcXfohD1MQ,,0,iN0HhYwuF5BhGDDqUPKitQ,0,5,2014-06-25,0
WwFACY0RrVxIgiytKafNHg,7lHe53jtXFjMMazCr_V4FA,,0,iN0HhYwuF5BhGDDqUPKitQ,0,5,2014-07-02,1
DcgO7qiYKS2VuAJj2dQpcg,N4e6XG3fJ_0jQ1AcxxFVMg,,3,iN0HhYwuF5BhGDDqUPKitQ,2,4,2014-07-08,5
M-pW8NszoMQnvbDH5DOXkg,zFj0RsISVOdVaTp7bl0qBQ,,0,iN0HhYwuF5BhGDDqUPKitQ,0,5,2014-07-10,1
UfJUIWvNdAZ9mVzdYlzwtg,QggTQmSX9rjzrZvvD_VMuw,,0,iN0HhYwuF5BhGDDqUPKitQ,0,4,2014-07-12,1
Bs6sXwEsRCgLaLfsnqFjPw,ckHcVdSzGIuZH-PInVvb3Q,,0,iN0HhYwuF5BhGDDqUPKitQ,0,5,2014-07-21,0
Z4rVBdYoxy3vVL2aSgiOrA,2t1DHocaz5bg4sz3Os9SGQ,,2,iN0HhYwuF5BhGDDqUPKitQ,2,5,2014-07-23,2
EQXgqA7jGO81EoPImGFexQ,H5TwyWtJOli7n7kSvIRUZQ,,9,iN0HhYwuF5BhGDDqUPKitQ,7,5,2014-07-25,9
k8jFy6iwD2kHexJSQcgE3w,3yU7efOdRF8RpF5USZVlcg,,0,iN0HhYwuF5BhGDDqUPKitQ,0,5,2014-07-26,0
1KzUWMxJzUczIfAmVDAUKg,yX-WQPS0SVv2oBtcwcxTMQ,,0,iN0HhYwuF5BhGDDqUPKitQ,0,5,2014-07-27,1
y5Su12P-xe-QyDx3NKT_eg,2AHTGJlcUtsLjgGzw0o_og,,1,iN0HhYwuF5BhGDDqUPKitQ,1,5,2014-08-01,1
vI7wZxTprpMl2fj_IHU3iQ,byHMuLp6DmCj2xfqmIacPA,,1,iN0HhYwuF5BhGDDqUPKitQ,1,3,2014-08-02,3
SqpoDCof8pd3W0PxQdkLhA,Ym29au6Kx4XTNlC4oso8QQ,,0,iN0HhYwuF5BhGDDqUPKitQ,0,5,2014-08-12,0
eb4M7xPy3uZ0If7fCaol3w,#NAME?,,0,iN0HhYwuF5BhGDDqUPKitQ,0,5,2014-08-24,0
5RHai6SSdali35KTpxqMkA,PJ-YB3B-2bB2TpyjHY8VMQ,,0,iN0HhYwuF5BhGDDqUPKitQ,0,5,2014-08-25,2
r-XQXLx50g2S7n9tFKgMiA,WDsVdrhb-O1ZLFz7XtKqvg,,0,iN0HhYwuF5BhGDDqUPKitQ,2,2,2014-08-30,0
W3_ps7citWBnQCmPkqrf7g,fNU4tVJcgpfv8qnqErG8Cg,,0,iN0HhYwuF5BhGDDqUPKitQ,0,5,2014-09-06,1
OaFcpi3W4AwxrD8W2pgC_A,HPqDjJXtFDaLc4kLkFGw0A,,7,iN0HhYwuF5BhGDDqUPKitQ,3,4,2014-09-28,6
jh5NtiaWnC09OIW60v7oLQ,PzDNt3qQkDQ7qj8TJxAgfA,,0,iN0HhYwuF5BhGDDqUPKitQ,0,5,2014-10-02,1
4eI453VkoC6voPwvGFtNvg,yYfda97ekw58-Zei3u_D9w,,0,iN0HhYwuF5BhGDDqUPKitQ,0,5,2014-10-17,0
glRXVWWD6x1EZKfjJawTOg,_YsdLW1cM6N45O26kEBz4A,,1,iN0HhYwuF5BhGDDqUPKitQ,1,4,2014-10-28,2
k5p3YP1ZjCa8ZS3xqXgBug,fFFGBNtnHsOOrruXl0LgqQ,,2,iN0HhYwuF5BhGDDqUPKitQ,0,3,2014-12-10,1
7bBU5VX3L2-OenNyAQ8qxg,lZawx820aC3e6lS3clMEsw,,1,iN0HhYwuF5BhGDDqUPKitQ,0,5,2015-01-14,0
iBB1TXnAL_PKHWTXzv2Trg,I0GyzhDiVjeT1nbSCUj8yQ,,3,iN0HhYwuF5BhGDDqUPKitQ,2,5,2015-01-14,2
p3x9XnBXfBCKhFuzXHS1vA,m-quxO9Uf1tmggfT-aoi_w,,0,iN0HhYwuF5BhGDDqUPKitQ,0,5,2015-01-15,0
9aGTzzTNRrsZEeDrtL7bOg,_rdRQQ2fAFGi3TIjKH7KlQ,,0,iN0HhYwuF5BhGDDqUPKitQ,0,5,2015-01-22,0
OOuZTJuZ_vzcZKh-XZWBag,9MkqUqVQafCrbpYiCxQiBA,,0,iN0HhYwuF5BhGDDqUPKitQ,0,5,2015-02-14,0
H2Bj8NJzvSJbKrb8oZ2-XA,Wr3-2mGTIOE3x-JTXeeP_g,,1,iN0HhYwuF5BhGDDqUPKitQ,0,5,2015-03-18,0
8R1ZA7_94b_vNMJsVRyBsQ,FjWnMObN4uUl5LTdWV1yuw,,6,iN0HhYwuF5BhGDDqUPKitQ,2,4,2015-05-17,7
xBpfowbwDNYrROviqgFyaQ,BepBvnkMFrPTMj5YCFGRug,,1,iN0HhYwuF5BhGDDqUPKitQ,0,5,2015-06-06,0
lFxfYyjbMADhr632dxohQA,2fvHKwYOhF6TtkZRukM-tw,,0,iN0HhYwuF5BhGDDqUPKitQ,0,4,2015-06-13,0
LsNR37kgo4OXWLU54N13mA,ZjEYxDNz3yKe5YFAlllUfA,,0,iN0HhYwuF5BhGDDqUPKitQ,0,5,2015-06-14,0
xorcxw59Lq17DtR9xqaSiA,fOFfVheSsZA-okWnHO83WA,,0,iN0HhYwuF5BhGDDqUPKitQ,0,5,2015-08-29,0
hJVOzIl0dg-l9YVaFIQJ0w,ScF0B2IRpyzvZW9I2ARvZg,,0,iN0HhYwuF5BhGDDqUPKitQ,0,5,2015-09-25,0
EjCDToCUiIf1_ZtqG6yyyw,1ob1BSeAX4A_UDeZUmfDCQ,,0,U4JY0KCgowD0J1Rk4VuRuQ,0,5,2014-06-01,2
fJI5_IH58lbQXGUfhS9Bxg,D-iexBdscSSpbIb6slwbSA,,0,U4JY0KCgowD0J1Rk4VuRuQ,0,5,2014-06-01,0
KHDXTLVrJhWr6dU6tcVFcg,D-aBwl2IgDtBQ6uTayiFEw,,1,U4JY0KCgowD0J1Rk4VuRuQ,0,5,2014-07-03,1
EZ5ZKyGEcVAmqwCCp8o1rg,#NAME?,,0,U4JY0KCgowD0J1Rk4VuRuQ,0,5,2014-07-06,1
fjTVwgT7yGuLDWQ324YGlA,dYmexaEQQ5b20sf5W9pf2g,,0,U4JY0KCgowD0J1Rk4VuRuQ,0,1,2014-07-13,1
b2tynRBuOkKaUgElbNwQEA,0RTePZH2yJma3lf4Byr9bw,,0,U4JY0KCgowD0J1Rk4VuRuQ,1,3,2014-07-30,0
ZuJ7S9Yg1DlalA6csp9Auw,Mq7B0gPb6VQQtvaaZceG5g,,0,U4JY0KCgowD0J1Rk4VuRuQ,0,3,2014-08-02,0
PAtGoH0JSzMt8W5wf-cNIQ,tuG6OjHOqmZ_fJ4qPPhGDw,,0,U4JY0KCgowD0J1Rk4VuRuQ,0,5,2014-08-21,0
3ijUKWnaz8s8X4QkHtRVqA,liwZPKdxyzdzWDGi60ssqw,,0,U4JY0KCgowD0J1Rk4VuRuQ,1,5,2015-01-06,0
Bm6IxAkMOZWuKfU3I-kR6g,t6Ya7tM8dXs8t6ZxXGJ0RQ,,0,U4JY0KCgowD0J1Rk4VuRuQ,1,1,2015-03-28,0
d9OpCGxR0RQTXwZc0DWBBw,U2mngzu4fDvPHMDJ2ZzcwQ,,0,U4JY0KCgowD0J1Rk4VuRuQ,0,5,2015-04-18,0
qfKtIq30I6wzbokZ4IZ7VQ,LjhDcIZSfpZsT7-m4erDGg,,0,U4JY0KCgowD0J1Rk4VuRuQ,0,4,2015-07-23,0
f5EJcMOdnM4sETUO29hgFQ,Q-PjKC8ZR4vxJ0gn8em-Vw,,2,xPhFANaaxGpUZJTP-Lnyhw,1,5,2014-09-01,7
UuVnq-UlJ0vt5-Ik86Ixuw,Y5gAAFZpKJ5gGynvXMvmfg,,1,pU88U9_yEUVfpox30VBWPg,0,5,2014-07-04,5
n2F9uUU_CQdXonoSSleIew,Hzc5SA4TQdfiWm30Z3w7wg,,0,pU88U9_yEUVfpox30VBWPg,0,5,2014-07-30,1
pClnCp7P_IbH8Z5CL1AO2Q,Fifc9JalyHMmXf0JFYgndg,,2,pU88U9_yEUVfpox30VBWPg,1,5,2014-09-21,1
o-tZL3zW61W-AA6iS0VEgw,Ui3lmpPLRA_7D6qiOUxzrA,,8,pU88U9_yEUVfpox30VBWPg,4,5,2014-10-09,9
zvOlj9j4c7GNF8Gb9a6GmQ,ciMFfvGdEILpx9Y1vgG1Kg,,1,pU88U9_yEUVfpox30VBWPg,1,5,2014-12-03,2
oRA5ppvW0wMnMeCWpDYo7A,LTsyVpn6FUr5EnAwQvl6zw,,1,pU88U9_yEUVfpox30VBWPg,0,4,2015-01-09,1
auVkTXPmA8o3oU8barlBSw,b6NHHhsV9D7bIDukIVC0ng,,3,pU88U9_yEUVfpox30VBWPg,2,5,2015-01-14,2
f0vmbwwXEZiARCwfJMqwHA,JjOivtsQBg7-3X0SGxyGKw,,1,pU88U9_yEUVfpox30VBWPg,0,5,2015-01-14,0
qhBZHSiuQsQfKeXi3Fr9rA,GX3UFmjP41GoI-fRnw2jOQ,,0,pU88U9_yEUVfpox30VBWPg,0,5,2015-01-24,0
DCwFuv7Dr8ZzmZt5I6R7NA,5xkIf1DH6BpfJZXK0YWYVA,,1,pU88U9_yEUVfpox30VBWPg,2,5,2015-02-16,2
OAd-vbR_POac1zHtu-Y2Zg,tLPuf3ziWJgRjYz1cy207A,,1,pU88U9_yEUVfpox30VBWPg,1,3,2015-02-23,1
F4FfahYVAt4NuXCEa83AiA,uNWCj3HK6CQJ6vfM2p6hcg,,0,pU88U9_yEUVfpox30VBWPg,0,4,2015-03-04,1
M0HfiDsDC3umYeQgSnDRtw,14MUJ9Bv3NosXCgUk_96LA,,0,pU88U9_yEUVfpox30VBWPg,0,4,2015-04-05,0
0xlttQELk9baWutLDzzB_g,qB4CQcPo2vS-ZXBKXw2bGw,,0,pU88U9_yEUVfpox30VBWPg,0,5,2015-05-11,0
wBqZawM-DZ8UzAihDchVGg,RSiUZYuzNfp75RkmS469lg,,0,pU88U9_yEUVfpox30VBWPg,0,4,2015-07-21,1
5lq4LkrviYgQ4LJNsBYHcA,IaycfL8DWTyPktAbPQ3S6Q,,5,pU88U9_yEUVfpox30VBWPg,4,4,2015-07-27,13
hlV4xXQpOqc3BZSVT5J4Jg,lQwEaj8M2AvhAOKSGibRJg,,0,pU88U9_yEUVfpox30VBWPg,0,1,2015-08-04,0
JsU9yXTW7Ww4P9wYtd9G6g,zfgbyZV_rjMAJXjNLBd64w,,1,pU88U9_yEUVfpox30VBWPg,2,5,2015-08-13,0
myGu620gwWW0Gx7kj8nHIg,jMTkNL0nJcK2Bxvg5qaSeQ,,0,pU88U9_yEUVfpox30VBWPg,0,3,2015-08-27,0
lABku71hvMEMnD6sqj7eMg,g7OuK8t0zoOerSPbGAUCTQ,,2,pU88U9_yEUVfpox30VBWPg,1,4,2015-09-23,3
2OrW--wyCzyY9K9Pu0eBpA,Ho03lTgEX8V5E32XtoaKZQ,,2,pU88U9_yEUVfpox30VBWPg,3,3,2015-09-26,0
MNCpGtya2S7Dd7RzGP-lBQ,kZV4XdNj6aPbHbU2GFnkhw,,2,pU88U9_yEUVfpox30VBWPg,1,5,2015-10-17,3
ei9YO4yL5Z22LkLQR0VIrQ,Bvs7iACO2jjrT0GgYSvA4A,,1,pU88U9_yEUVfpox30VBWPg,1,4,2015-10-26,1
g1Xp42ewFHLK3ulhyBY_yQ,vfk2V8DpnPSxHFy-wPBqsA,,2,pU88U9_yEUVfpox30VBWPg,0,5,2015-10-27,2
t8VJfpga13NQJzJxEHej4Q,#NAME?,,1,pU88U9_yEUVfpox30VBWPg,1,5,2015-11-04,2
b89mmlWnUfrIzpuftP3cgQ,iN3T1sm7C3exzWnTQmZuZA,,1,pU88U9_yEUVfpox30VBWPg,2,5,2015-11-09,2
L5zQUYgOzPcyXVFAdxYCqw,DxfJKGxnhAkAzeWqMJk62g,,0,pU88U9_yEUVfpox30VBWPg,0,5,2015-11-28,0
WJiEus8E_ZQLOkNvMuEE7A,rfuw4dhAzAAn7yc87e0auA,,0,pU88U9_yEUVfpox30VBWPg,0,5,2015-12-03,1
9KszxP0j9qKEL9yLreirBQ,JmkLS-C792-zKiE9PWzORA,,0,pU88U9_yEUVfpox30VBWPg,1,5,2015-12-11,2
tXkM--RCgK-cQpQFuNYWdQ,ejpJUiFCzMEVx7GEOL2tgA,,0,pU88U9_yEUVfpox30VBWPg,1,5,2015-12-13,0
qbWkAzIRn_NkDXWb2Xcf2Q,8Te4xbOYTUPcb4Zwhbi6sw,,0,pU88U9_yEUVfpox30VBWPg,0,4,2015-12-20,1
MjCt2ibnYKN6DOldrQtVJg,xaiTZQWndIgYi1v6OTyVrg,,5,ySpNcdz0tSpaPNqefAbfOw,9,3,2014-09-07,8
xuTrIfUZS29QvGj8DWHV2g,q930KurAycRrIJj3mQCmmw,,0,Zyy6mEgpN0j2E1pYmG2P9A,0,5,2015-08-02,0
kGccPN0KEURDVEjJiVouYA,cFdTmRpTkWYVnN31z5kYJg,,0,Zyy6mEgpN0j2E1pYmG2P9A,0,5,2015-08-29,0
b6k2m5tWeSchtMIrgFULAQ,RlorRWxdiCiBL4jyozLXYg,,0,Zyy6mEgpN0j2E1pYmG2P9A,0,5,2015-09-09,0
XxA5k_iyzf9HdvPMp_J27w,1Jh58CNoxyy4MlTZucSEzw,,2,kUj1sHZisz7zxNysplBoCg,1,5,2014-12-06,3
MD5t-y3VSMh48pUoQKS1iQ,oZ23tgNgVJnaySHXM4G_lQ,,0,kUj1sHZisz7zxNysplBoCg,0,5,2015-01-27,1
OaFcpi3W4AwxrD8W2pgC_A,JG2AsBa2Oi1rmV3_ayZJtQ,,2,dELL-RCNsq0l1--VwaeXYg,2,4,2015-01-03,5
xVbnmLJ8g8zBHMs_vtDDKw,iKH5bqoxkvMgJI1fYPDM2w,,0,PvyXiJ084Tyg4ENFsIJJGQ,0,5,2015-07-03,1
5lq4LkrviYgQ4LJNsBYHcA,SmbhLBXH-7ToJsDjJRIxcA,,12,DZGWM0o7GC_NYYpIX-MBfg,5,4,2014-11-15,11
xoJmsnZLd2ysI5w4A85r5Q,80jnuqPI7hUBi8RwlkPW0Q,,1,DZGWM0o7GC_NYYpIX-MBfg,2,4,2014-11-17,3
5YPQ4K2Prfuafcn6t0yV9A,OSrYpcuJZjSYWftaeDnlwg,,2,DZGWM0o7GC_NYYpIX-MBfg,1,5,2014-11-17,4
FcUVfATxARfURHfZq1DNTg,11RzCXXMTmxMtcMsgFsZwQ,,3,DZGWM0o7GC_NYYpIX-MBfg,2,3,2014-12-13,5
LaJPf0P-eZeW_0kY2XQ_aw,18Hi3eIjapwEu8v3R2o_kA,,0,DZGWM0o7GC_NYYpIX-MBfg,0,3,2015-04-17,0
T48s4fd3hCYm8xG7C4eLYA,Qm_x7mR0t7NQoWpwQRjfow,,1,DZGWM0o7GC_NYYpIX-MBfg,0,5,2015-05-27,3
NR5A0z2pYiB6hmu52NCEhg,z5ZBjwhiKrvZJBkxm38mUA,,0,SXDm_ep9hqsCDTUPgpK0Zw,0,2,2015-01-01,0
PTY5DM38QqeqbKSyfb9lww,ZemSYKD272fnB3QLdBMKuA,,3,YHuuPfxEPRokVbf4wVUscg,3,4,2014-12-25,5
5lq4LkrviYgQ4LJNsBYHcA,v6UY6Y-vD7cHeQYbFfDgaw,,6,YHuuPfxEPRokVbf4wVUscg,0,5,2014-12-27,9
Iu3Jo9ROp2IWC9FwtWOaUQ,nNB7k5vRBGDxQfHDx06vvQ,,27,YHuuPfxEPRokVbf4wVUscg,23,5,2014-12-29,38
5lq4LkrviYgQ4LJNsBYHcA,7Me5zgBO1_83BaTVaQwWeQ,,5,YHuuPfxEPRokVbf4wVUscg,2,5,2015-01-01,10
xQpO4Jfi-Np3HLmJrQAe0Q,SaSNNcuRGfckqdDcsTCC2w,,7,YHuuPfxEPRokVbf4wVUscg,9,4,2015-01-06,10
oOayyTrVO-PbVeXXsh_JEQ,pBFxA61k-XTnLFHVCr83sQ,,7,YHuuPfxEPRokVbf4wVUscg,7,4,2015-01-11,7
WmAyExqSWoiYZ5XEqpk_Uw,rSYmXcHVZT6WArNJaAw23w,,54,YHuuPfxEPRokVbf4wVUscg,92,5,2015-01-13,60
bGM2cp6eeTgJLEE8r6iEMg,yBKgNXSCIvqcwxMzWCDVPw,,1,YHuuPfxEPRokVbf4wVUscg,2,4,2015-01-19,1
kMxakI94AIOvAuQvK82Eww,rvo9t5bcF04J7AXcqTwAhQ,,8,YHuuPfxEPRokVbf4wVUscg,6,4,2015-01-20,11
C0UY1f2BUUmLdmB3sn5_lw,KHvRg3lIqupvpNKPIu8_3Q,,6,YHuuPfxEPRokVbf4wVUscg,5,4,2015-01-22,11
rzHZ3iYVQe_8h2e42DbUsw,lAqzhY_4qfGCMu3sePpvRA,,7,YHuuPfxEPRokVbf4wVUscg,4,4,2015-01-23,7
EzErwrszlCGNb8tjaiMZYQ,Idm6Psyyl-acCytwTtWNHw,,2,YHuuPfxEPRokVbf4wVUscg,2,5,2015-01-25,2
gIIBI2Zw6_Yr8GYRNWvJsw,bYJZ5OFLZzyEaYlB_yEtRQ,,0,YHuuPfxEPRokVbf4wVUscg,0,4,2015-02-22,0
YoWOVEjDZwaoy8x7UPf0kA,LRZVTx1n3JQsu9CZL-frAQ,,0,YHuuPfxEPRokVbf4wVUscg,0,5,2015-02-27,0
IrzHAVpjBUSLnnrY5jG2OQ,BCJSkUvMtnFDKZF2boSgaA,,5,YHuuPfxEPRokVbf4wVUscg,6,5,2015-02-27,4
k5p3YP1ZjCa8ZS3xqXgBug,ERJn8KoCFvUfy5bhAxDwjA,,6,YHuuPfxEPRokVbf4wVUscg,7,4,2015-03-07,9
M60DqInRG3NQPkdRUcTj1g,JR_cKLU62ZM2DE3X4W93pw,,0,YHuuPfxEPRokVbf4wVUscg,0,5,2015-04-06,0
baPgGoTxeR35ooubPRlR5g,BpgywK7jT4xdjJem7j0HOQ,,0,YHuuPfxEPRokVbf4wVUscg,0,4,2015-04-10,0
2_PBEwFj-KReY3014nLgOA,tBZcj_utWPTpBBZeuU8UTQ,,0,YHuuPfxEPRokVbf4wVUscg,0,1,2015-04-12,1
2K-45gNTf4HC2INvUG2ySQ,juZNwqn16iDA-tGGkgz5nQ,,0,YHuuPfxEPRokVbf4wVUscg,0,4,2015-04-14,0
mU4XxYYFraUFjZWrN7qYdw,1XNh5gxiu_C9d7EldF2_aw,,0,YHuuPfxEPRokVbf4wVUscg,0,4,2015-04-22,1
2HmHgW3hRYvXYFmQyQtLuw,hXMnulANK-1c7th934BZpA,,56,YHuuPfxEPRokVbf4wVUscg,45,3,2015-06-01,57
FcUVfATxARfURHfZq1DNTg,v-_MIr6ZAe-pz_Y0VLEtvw,,1,YHuuPfxEPRokVbf4wVUscg,1,3,2015-07-27,2
LqlbsQtJ_k8JTT9wMNiZ8A,DGBHvRHXHSh7TRvin0AqLA,,1,YHuuPfxEPRokVbf4wVUscg,1,3,2015-07-28,2
S4Ya_OlgBdwV7xTA2O7cJg,rQqNJrtV_Vg46Q97mUloVg,,0,YHuuPfxEPRokVbf4wVUscg,0,5,2015-08-05,0
RHeAUoi0RqHbfs3jBy3Yhw,Bp9PXpzX7G6UAQYKbSDNIQ,,1,YHuuPfxEPRokVbf4wVUscg,1,5,2015-08-10,1
fvCFqf2xgrLz_3iAUb1hJw,4H0A_ZhP_TIp-E7X2caOzA,,0,YHuuPfxEPRokVbf4wVUscg,0,4,2015-08-29,1
rnxfqdm1Zt_xRyh3R7O52w,8agUkCTcDnyPheozNRa40g,,0,YHuuPfxEPRokVbf4wVUscg,0,5,2015-12-19,0
TESnWYHFnPA-snZqc39rRg,aBVeotZFKoO53zCPY3c2mw,,1,Cbb-BLItsU27k5bUcGCPjQ,1,5,2015-02-27,3
5lq4LkrviYgQ4LJNsBYHcA,AaE79tLFjzYeKn9gHyzSzg,,10,6MC-Ojl29-8N0Cg7ybAIPA,7,2,2015-02-09,20
J32r85ZVcOzyWIf404EQBA,uiWYGdoc1Aymor9l8tvg7Q,,0,6MC-Ojl29-8N0Cg7ybAIPA,0,5,2015-03-15,0
qCG-3flB7ShydUTZ_U5Zqw,pWbuu8b0008UWlv2doQknQ,,1,6MC-Ojl29-8N0Cg7ybAIPA,2,5,2015-04-25,2
k5p3YP1ZjCa8ZS3xqXgBug,5HmunX1PFCRKEcWK6fFc4A,,4,6MC-Ojl29-8N0Cg7ybAIPA,4,3,2015-05-04,10
ei9YO4yL5Z22LkLQR0VIrQ,AURm2_IVcP0BLFZoIWlfZw,,1,6MC-Ojl29-8N0Cg7ybAIPA,1,5,2015-05-10,2
LqlbsQtJ_k8JTT9wMNiZ8A,CSoNLR6_T4FPJCqRZC9n2Q,,1,6MC-Ojl29-8N0Cg7ybAIPA,1,4,2015-08-09,0
dgeR2jCwuN6FAiijDS376g,E8zyoDn65kjMkp-0XvIr1w,,0,6MC-Ojl29-8N0Cg7ybAIPA,0,5,2015-10-20,1
Ykc48dAqeMx1efNctaiXDA,gfkyjYCxl-TR1DYp7saSLg,,1,6MC-Ojl29-8N0Cg7ybAIPA,1,4,2015-11-06,3
R005MrvgUEgCW_V4I-f3nw,gryUApZjuE9Rl_R3b6Exng,,1,ovzX0I9b5LXYpRjU1E0qTA,0,5,2015-05-02,2
NvlzWG1wID3iQcmhuE9Hvg,e2WQqRxEjL3dlf-DtR264Q,,0,2ao11ZuGgYV-cGKcWbfy1A,0,3,2015-04-25,1
fwEPqYiyZCaB7QKY6a7h5g,wsR1ZChplhHBTu7NbAtIHw,,8,RcpR0gK2u-R8HKT2XgJ7mw,7,5,2015-06-28,8
b55NYJJavY4rXXx8V3HaFQ,5birsV_dQ1nyb0LDF4FNlA,,4,RcpR0gK2u-R8HKT2XgJ7mw,2,5,2015-07-07,3
Tc5iNKdB3-GiDFUxsNeeKQ,2gv146aqWq80wc9HeAhfNA,,1,RcpR0gK2u-R8HKT2XgJ7mw,0,5,2015-08-12,1
nL4QufiB7bmRrP-oV14L4Q,8m2WPqAxlkSHZYjI6oC87A,,2,RcpR0gK2u-R8HKT2XgJ7mw,0,4,2015-11-23,3
Vi6yC7XiZDADYG73Z0MJAQ,kiyhXbKYJuL-4_rupqb7NQ,,3,iNccelt_I2vobnOjm-y8ew,1,5,2015-05-16,3
6lgZ1qISsx5C7l6iKdJFEQ,izcoCQJ9fbeBL0hy3v05ag,,0,JEgK9SaZyEkmGKdZMXB15Q,0,4,2015-12-07,1
8p4at4zdzCpueAmSBaorZA,HIsmf-9AsIzeScJ7KEze8Q,,26,RQmLQYF2ZoLRF240VE1Vew,22,5,2015-07-28,26
pXc2T88PExMW5_0SW9fv1A,VOG5Cxx5gow9_G6OTbyWlQ,,1,RQmLQYF2ZoLRF240VE1Vew,1,5,2015-08-15,2
wOEnqHoVbdlpclPIk6l15g,tHr3uoIztcVIhlZU5Ekbrw,,1,RQmLQYF2ZoLRF240VE1Vew,0,5,2015-08-23,0
3gIfcQq5KxAegwCPXc83cQ,ET0GY7QefAewGd40xBVGuQ,,1,RQmLQYF2ZoLRF240VE1Vew,3,2,2015-08-30,8
NpUersq_AdgH-l5tnKpsiQ,WT2tisVE0J65lBm_GKVfdQ,,1,M5uoTFkozOt5L_e0hW1how,1,5,2015-07-27,1
wXCcKkrpcbxDg07MfkSxtA,s4sIPTYvHfaf99cd8CfPnQ,,0,M5uoTFkozOt5L_e0hW1how,0,1,2015-09-21,1
9A2-wSoBUxlMd3LwmlGrrQ,q7piQwdBqaW7c_0ezNWQrA,,7,M5uoTFkozOt5L_e0hW1how,4,3,2015-11-03,6
jiCrpnhZFehGDd2pJpOfhw,jUjkBokj3gwWGlYdpzWKEA,,1,Vm80u0iNAC4-_1thokVmvA,1,4,2015-10-24,2
9A2-wSoBUxlMd3LwmlGrrQ,jwonOVuhAvJYiDICr4_7iw,,9,Vm80u0iNAC4-_1thokVmvA,8,3,2015-11-13,9
GxQWG7oaDLgy0p0gPRhX3A,cjvX17KBHNpgkqJBX5lu1g,,0,Vm80u0iNAC4-_1thokVmvA,0,5,2015-12-22,0
jn-hTPv0CP5YGmxJ3qQ6Bw,wUeUIgjNL3U9oZQZTJOKjQ,,0,Xp6Ocf_hsL6BYiAYAp3iRQ,0,5,2015-10-28,0